State,Year,Intake - Relinquished By Owner Total-Feline,Intake - Stray At Large Total-Feline,Intake - Transferred In Total-Feline,Intake - Owner Intended Euthanasia Total-Feline,Intakes - Other Intakes Total-Feline,Live Outcome - Adoption Total-Feline,Live Outcome - Returned To Owner Total-Feline,Live Outcome - Returned To Field Total-Feline,Live Outcome - Transferred Out Total-Feline,Live outcome - Other Live Outcome Total-Feline,Other Outcome - Died In Care Total-Feline,Other Outcome - Lost In Care Total-Feline,Other Outcome - Owner Intended Euthanasia Total-Feline,Other Outcome - Shelter Euthanasia Total-Feline,Intake - Relinquished By Owner Total-Canine,Intake - Stray At Large Total-Canine,Intake - Transferred In Total-Canine,Intake - Owner Intended Euthanasia Total-Canine,Intakes - Other Intakes Total-Canine,Live Outcome - Adoption Total-Canine,Live Outcome - Returned To Owner Total-Canine,Live Outcome - Returned To Field Total-Canine,Live Outcome - Transferred Out Total-Canine,Live outcome - Other Live Outcome Total-Canine,Other Outcome - Died In Care Total-Canine,Other Outcome - Lost In Care Total-Canine,Other Outcome - Owner Intended Euthanasia Total-Canine,Other Outcome - Shelter Euthanasia Total-Canine,Population
AL,2019,5006,7199,811,16,467,7582,140,744,1104,0,423,31,21,2663,6383,13978,1784,113,494,9484,2895,15,5927,1,310,27,111,3094,5024279
AL,2020,3495,6803,527,19,525,6816,140,747,1139,0,272,35,14,1456,5919,10502,2159,67,413,7480,2303,16,6483,5,253,21,63,2054,5024279
AL,2021,3282,7481,683,7,995,7181,147,1180,1136,90,374,13,11,2073,5742,10539,1824,34,1078,7681,2584,0,6118,90,260,13,37,2099,5024279
AK,2019,850,1786,32,67,68,1689,353,0,25,0,56,2,68,477,0,0,0,0,0,0,0,0,0,0,0,0,0,0,733391
AK,2020,800,1404,61,51,68,1755,331,0,38,0,60,5,50,155,0,0,0,0,0,0,0,0,0,0,0,0,0,0,733391
AK,2021,743,1522,85,37,70,1886,289,1,69,0,98,0,38,57,0,0,0,0,0,0,0,0,0,0,0,0,0,0,733391
AZ,2019,11933,14168,1367,555,2042,20098,508,443,1794,1203,940,50,477,3708,21098,29033,5675,1898,3810,35632,11501,578,8344,391,590,78,1677,3044,7151502
AZ,2020,8410,11719,1446,507,1564,16664,447,188,1813,543,501,50,497,3046,10188,24101,5986,1681,3887,28214,7283,0,6043,703,374,19,1636,2031,7151502
AZ,2021,9823,14545,1192,103,1681,17735,480,71,1468,3201,700,50,107,3363,11206,27297,5005,580,4793,29709,8784,0,5392,757,493,24,590,2346,7151502
AR,2019,1131,3618,158,3,259,3630,557,48,382,228,111,3,1,398,1553,7211,261,2,420,3712,3367,0,1765,472,62,1,4,464,3011524
AR,2020,953,2307,435,3,176,3140,166,73,248,268,137,17,3,188,1744,4164,459,15,236,3199,1477,0,1577,305,80,3,5,264,3011524
AR,2021,1129,2406,333,49,256,3274,125,163,194,198,83,5,3,244,1750,4487,419,32,354,3524,1482,4,1564,266,75,1,34,294,3011524
CA,2019,24213,120718,19659,1701,4599,89620,3828,7847,21573,4074,4625,691,1718,35204,34685,101945,17380,4452,9414,81442,36732,133,26418,1831,1116,185,4327,15031,39538223
CA,2020,16607,67931,20091,1104,4305,62926,2834,8005,15712,1566,2516,413,1071,12182,21091,62379,13461,3147,6439,52723,23652,226,18518,1080,736,124,2982,7122,39538223
CA,2021,16771,72028,13327,1216,7726,64086,2955,10259,13692,2358,3066,215,1020,11877,22453,64753,11058,3081,7539,52522,24714,79,17821,1485,770,89,2762,7388,39538223
CO,2019,12361,16628,7201,420,3924,27927,2010,2409,2659,502,664,42,405,3578,9750,16805,10897,975,4544,23096,12471,380,2649,328,280,41,937,2689,5773714
CO,2020,10702,14531,8413,120,4503,27167,2204,2948,2600,386,479,47,80,2698,8811,12163,10729,347,3739,22761,9843,273,2080,233,143,38,273,2005,5773714
CO,2021,13309,17291,7522,97,4607,29103,2295,3259,2772,333,681,40,92,3263,11067,15190,9815,347,3320,22847,11324,129,1766,132,145,14,301,2061,5773714
CT,2019,880,992,935,109,183,2589,32,56,156,18,50,0,95,98,394,345,1540,152,163,1834,248,0,237,38,16,0,155,44,3605944
CT,2020,669,718,874,70,181,2089,40,76,127,39,103,1,57,70,232,266,919,97,101,1161,226,0,150,39,13,0,96,21,3605944
CT,2021,755,698,509,94,544,2050,43,37,117,52,70,2,91,63,319,292,412,165,475,916,251,0,137,45,7,0,170,34,3605944
DE,2019,479,532,29,0,14,875,20,15,93,3,49,0,0,74,201,87,203,0,0,470,36,0,0,0,3,1,0,12,989948
DE,2020,561,331,2,0,79,864,11,48,26,1,53,0,0,64,140,59,239,0,0,403,25,0,2,0,1,0,0,20,989948
DE,2021,589,606,7,0,56,1120,18,59,25,0,53,0,0,66,137,53,362,0,1,517,23,0,3,0,3,0,0,20,989948
DC,2019,958,2296,421,382,928,3318,154,430,145,3,94,4,252,277,875,1461,694,705,416,2435,680,1,180,9,28,0,555,315,689545
DC,2020,704,1987,421,262,1337,3738,116,421,74,4,70,2,168,230,671,1012,251,587,366,1662,486,0,78,7,30,0,469,193,689545
DC,2021,812,2246,189,237,902,2955,147,615,77,13,85,0,193,241,868,1206,180,506,354,1645,650,0,119,6,35,2,430,168,689545
FL,2019,22963,73305,11234,2915,17358,68842,2618,20912,11092,1254,4100,433,2099,16476,25271,46855,15333,5638,6790,59586,14542,7,12535,1148,608,81,5033,6401,21538187
FL,2020,20122,65148,10860,2111,7752,60381,2178,17401,11291,799,2755,369,1580,8711,17610,33905,13810,4152,5970,45371,11777,186,9885,1579,373,94,3774,3452,21538187
FL,2021,23101,77172,10129,2059,4570,68580,1840,21349,10057,1191,3067,190,1552,9463,20038,35643,12521,3905,7203,46197,12398,1,9924,2508,458,66,3520,3850,21538187
GA,2019,10082,12950,9023,89,4168,22013,568,1152,7296,64,1367,32,84,3674,11233,16543,9900,192,5926,25294,5202,1,9405,95,359,40,192,3362,10711908
GA,2020,8902,12335,8143,72,3717,20629,429,800,7837,41,1021,45,73,2286,8776,12424,6699,189,4684,19559,4170,0,7958,14,268,30,192,1443,10711908
GA,2021,10001,13426,9189,96,4587,23402,511,991,6103,2178,1188,30,63,2602,9586,13806,6902,161,5037,19511,4563,2,7105,1120,254,39,166,1759,10711908
HI,2019,2801,12810,0,99,9,4889,1313,552,740,0,184,123,99,7719,3549,5862,251,96,107,4761,3062,0,639,0,42,5,79,1180,1455271
HI,2020,2272,8403,4,161,54,4965,606,421,678,0,162,72,149,3673,2370,4085,357,406,63,3686,1990,0,414,1,32,3,398,793,1455271
HI,2021,2571,8163,182,274,59,5193,447,775,1099,0,174,66,109,2888,2571,4433,203,620,62,3628,2168,19,460,0,25,3,248,782,1455271
ID,2019,3806,10807,902,293,2060,10134,450,1345,1126,862,398,80,287,3011,3819,6739,2873,514,1250,8446,4287,0,581,524,66,7,502,685,1839106
ID,2020,3239,7705,1076,160,1363,9203,392,1010,936,635,253,72,163,1179,3342,5153,2281,442,918,7188,3287,1,523,442,52,7,451,438,1839106
ID,2021,3216,8055,761,192,615,8666,407,1753,436,388,246,29,178,882,3244,5360,2192,461,978,7139,3545,0,344,158,77,7,449,363,1839106
IL,2019,5753,7414,8246,107,950,18746,354,107,589,30,767,5,107,2289,4448,3635,13280,263,1346,18120,1895,0,491,46,253,16,254,1543,12812508
IL,2020,5433,5950,9280,97,916,18017,343,134,721,15,638,11,97,1313,4083,2326,14661,238,934,18064,1470,0,529,9,222,18,240,919,12812508
IL,2021,7262,6255,9706,119,1361,19651,420,362,705,81,878,4,118,1364,4728,2549,12596,273,1167,17144,1816,0,638,220,233,1,275,861,12812508
IN,2019,12326,19816,4851,408,3923,24021,1098,3696,4983,581,1175,91,349,4628,9139,16245,3648,927,3388,16199,8237,0,4656,173,215,95,773,2684,6785528
IN,2020,9389,15761,5200,356,2772,21351,977,2374,4817,472,866,54,265,2806,6011,11628,2926,716,2475,11277,6627,1,3422,74,157,49,578,1580,6785528
IN,2021,10380,18575,5687,368,4083,23057,1008,1948,5439,1412,1197,92,347,3395,6923,12657,3046,956,3042,12174,7150,64,3023,410,219,92,822,1713,6785528
IA,2019,4194,6333,211,327,1249,7882,518,880,751,62,646,14,319,1216,3059,3671,992,590,1407,5379,2858,0,250,27,68,4,608,508,3190369
IA,2020,3909,5783,359,354,485,7775,488,853,929,53,330,1,352,913,2490,3400,897,574,623,4446,2535,0,136,0,41,1,569,383,3190369
IA,2021,3903,6486,607,390,617,8120,556,724,739,10,349,146,387,746,3571,3621,1391,613,681,5299,2648,0,356,0,59,34,593,381,3190369
KS,2019,6044,5402,5023,217,266,11185,634,2,2365,160,471,6,224,1848,4782,7309,4600,606,194,9438,3896,0,2406,10,52,6,589,1106,2937880
KS,2020,4762,4242,4629,154,270,9630,349,3,2648,246,309,1,154,880,3490,4941,4064,489,293,7335,2590,0,2178,20,46,7,481,639,2937880
KS,2021,4837,4295,5070,208,709,10599,344,86,2326,114,410,7,194,886,4011,5011,3877,596,1208,7957,2804,5,1909,117,57,10,586,784,2937880
KY,2019,6453,11310,3349,155,580,11610,338,1790,3127,137,517,11,132,3893,6861,10684,4383,305,813,10717,3288,0,6713,54,165,11,246,1440,4505836
KY,2020,7216,8362,3174,90,399,9932,376,2220,4026,84,329,16,84,2267,5941,7848,2971,275,826,7679,3257,3,5592,11,103,1,236,1237,4505836
KY,2021,7677,8702,4005,120,537,11028,370,1960,3586,64,449,7,94,2617,6097,8572,2866,242,1037,7710,3550,0,4940,0,140,1,196,1330,4505836
LA,2019,4724,17040,1790,183,3018,9586,384,2787,4885,462,1370,229,128,6616,6706,12675,2582,584,3985,8531,3706,19,7605,161,322,112,434,4693,4657757
LA,2020,3488,11891,2403,124,1529,8162,293,1843,6370,250,679,88,91,2002,4260,9252,2263,486,2524,5693,2607,63,6721,196,253,100,345,2647,4657757
LA,2021,4022,18341,2246,239,1380,9407,1056,3879,7937,275,814,33,177,1744,5216,12857,1876,723,2270,5968,3281,7,8560,63,279,27,635,2364,4657757
ME,2019,2317,1816,2482,49,171,6152,200,2,126,9,128,2,23,182,841,892,2791,75,32,3528,729,0,83,8,17,0,59,119,1362359
ME,2020,1995,1225,1829,57,154,4936,218,0,23,1,93,2,46,122,518,655,1441,67,33,2027,615,0,30,2,11,0,57,50,1362359
ME,2021,2048,1293,1884,30,377,4992,222,3,19,17,128,0,29,152,602,545,1339,51,195,2010,596,0,24,18,4,1,37,63,1362359
MD,2019,2521,5853,1371,100,485,6043,343,40,1995,65,341,17,94,1476,2539,3842,1157,335,1678,4740,2247,0,1241,58,56,1,326,838,6177224
MD,2020,2112,5372,2160,115,303,6290,220,37,2216,41,305,27,116,860,2153,2621,1235,358,923,3531,1705,0,1164,17,41,0,348,607,6177224
MD,2021,2503,5525,1580,120,257,6137,258,77,1698,26,259,31,116,1255,2330,2809,1114,399,1217,3804,1839,2,888,11,28,2,393,771,6177224
MA,2019,4153,3085,3065,384,419,9079,354,204,123,20,74,3,308,741,1768,542,3440,415,1565,6343,368,0,174,7,16,0,399,403,7029917
MA,2020,2498,2210,3299,303,321,7236,229,162,66,18,65,0,256,476,1135,591,2079,364,1445,4799,254,0,83,2,20,2,314,277,7029917
MA,2021,2936,2539,3508,184,466,7834,274,298,87,29,63,2,133,634,1192,445,2447,229,1758,4852,251,0,111,9,21,1,187,534,7029917
MI,2019,12114,13035,2695,1486,1046,23207,722,464,1735,153,622,17,1527,1835,6389,7466,7754,2646,1315,15331,4034,1,1101,100,131,5,2695,1917,10077331
MI,2020,9845,10289,2389,871,1244,20381,709,297,918,48,504,7,867,1249,4400,5009,6490,1634,1258,11950,3073,0,561,33,84,2,1596,1385,10077331
MI,2021,10979,11985,2860,922,1008,22515,692,489,361,135,548,5,918,1195,5446,6074,7407,1787,844,14096,3551,0,472,16,110,4,1798,1455,10077331
MN,2019,3312,4582,2447,33,1661,8835,383,496,1324,1,243,7,41,552,1846,1867,2484,1,399,5031,1219,1,218,10,26,0,40,122,5706494
MN,2020,3768,4481,3102,18,1222,9971,299,464,1160,3,259,13,8,278,1750,1443,3225,2,393,5466,973,8,222,3,41,1,3,113,5706494
MN,2021,3905,4348,3650,39,2094,10719,311,793,1003,108,289,2,4,282,1594,1337,3052,3,467,5242,975,0,328,6,61,3,0,108,5706494
MS,2019,2401,3490,1495,56,137,5208,83,33,804,264,231,18,51,972,5145,7304,3996,234,335,5872,1211,0,8402,3,163,32,257,1221,2961279
MS,2020,2355,2997,1084,56,197,4593,62,66,879,113,245,60,54,547,4246,6407,3381,180,468,5675,1131,0,7020,3,212,20,210,575,2961279
MS,2021,3138,3457,1237,54,152,5432,130,259,969,121,458,35,52,558,4424,6728,3561,117,335,5983,1221,13,6887,80,252,25,118,452,2961279
MO,2019,4912,5935,2902,3,1024,12234,856,228,192,4,411,24,92,626,5139,7171,4454,19,1019,12918,2920,2,1165,1,155,18,73,604,6154913
MO,2020,5665,5001,2436,70,1217,12111,1187,211,111,9,365,20,26,431,4670,5858,2638,202,682,10109,2501,0,933,0,94,8,71,514,6154913
MO,2021,7459,4918,3109,22,2931,14397,1628,872,173,19,511,15,34,627,4928,5117,3170,22,2842,11026,2971,0,866,180,118,5,97,469,6154913
MT,2019,2876,3500,343,33,528,5750,509,205,84,108,174,1,35,474,2210,3612,1458,123,446,4347,3031,0,161,121,26,3,75,170,1084225
MT,2020,2540,2993,366,29,453,5271,467,179,43,137,106,5,24,293,1774,2827,974,65,421,3204,2490,0,125,27,10,2,50,133,1084225
MT,2021,2835,2921,398,29,1041,5487,454,97,66,616,90,6,35,249,1909,2705,1037,147,990,3404,2676,0,168,195,19,1,50,202,1084225
NE,2019,2203,3549,231,1,333,3772,355,4,151,0,189,6,0,1855,1174,2347,587,1,331,2387,1719,0,30,0,26,1,0,319,1961504
NE,2020,1649,2675,522,0,352,3623,273,0,125,0,126,4,1,1048,965,2091,830,1,304,2501,1472,0,95,0,29,1,0,264,1961504
NE,2021,1565,2291,640,1,197,3589,242,42,57,0,125,2,1,635,1105,2155,647,4,304,2160,1668,4,62,0,35,3,1,215,1961504
NV,2019,2558,7853,1568,570,1165,8165,388,1696,1073,16,299,13,565,1280,3744,11850,1401,2162,2808,10479,5141,0,2509,30,108,12,2162,1723,3104614
NV,2020,1852,6343,1336,584,945,7733,316,999,598,26,303,7,580,825,1974,7576,1129,2256,1865,6523,3624,0,1502,13,71,7,2255,1057,3104614
NV,2021,2037,7176,1245,419,1384,6715,318,1088,744,6,399,15,418,984,2312,8808,971,1571,2277,5636,4055,0,1606,7,97,45,1568,1234,3104614
NH,2019,2309,1063,1013,36,93,3999,187,12,59,35,52,0,22,162,936,677,1417,41,158,2291,620,0,126,7,21,0,35,109,1377529
NH,2020,1359,651,1237,19,122,3087,112,3,27,4,30,0,22,87,406,460,1134,28,101,1563,443,0,42,0,12,1,29,70,1377529
NH,2021,1378,813,1106,20,243,3153,143,5,66,4,57,0,18,117,387,329,963,25,257,1369,422,0,43,7,4,0,25,74,1377529
NJ,2019,2547,4850,2168,17,620,7068,393,200,1193,4,440,2,13,661,1225,1379,6961,34,297,5577,907,2,3074,2,32,1,26,265,9288994
NJ,2020,2440,5671,2614,11,303,8301,600,294,508,13,605,4,18,328,1014,1046,6833,16,211,5436,679,0,2849,1,27,2,23,111,9288994
NJ,2021,2250,5452,2283,3,386,7635,279,299,676,0,471,2,2,370,991,1212,5154,21,345,4654,837,1,2094,0,27,0,3,173,9288994
NM,2019,4172,6100,1096,231,4557,5769,329,1458,3444,1043,627,23,139,3953,6285,9901,712,418,5294,6953,4412,3,7743,1062,263,43,337,2975,2117522
NM,2020,2641,4994,887,161,3308,5293,267,896,2662,652,302,43,113,2215,4944,7771,353,528,3395,5952,2953,0,6244,319,170,63,291,1277,2117522
NM,2021,2318,7480,1103,112,2074,5001,393,1512,2116,607,478,33,106,1501,4160,10349,950,368,2233,5515,3259,11,5715,235,242,37,418,1715,2117522
NY,2019,11552,14028,5079,828,1958,27231,772,447,1043,189,779,38,819,2188,4719,4324,9626,1205,1300,15606,2262,53,693,51,153,11,1177,1099,20201249
NY,2020,8415,12035,5995,779,1561,24135,630,341,840,131,607,45,750,1266,3105,3137,7308,1067,1013,11868,1693,0,372,23,122,4,1026,596,20201249
NY,2021,8968,12936,6185,1040,2098,23688,760,481,711,148,851,49,1011,1391,3254,3163,6765,1307,1191,11781,1947,2,233,28,100,13,1246,590,20201249
NC,2019,13311,28055,5927,347,4336,26910,1147,725,7825,1764,1686,121,322,12783,15126,20825,11692,812,4532,24879,8520,1,12034,108,323,33,786,6308,10439388
NC,2020,10575,21432,4895,207,3827,24936,823,703,6509,1133,917,77,230,6479,9687,15789,10559,631,3910,20872,6474,1,8942,4,234,29,589,3659,10439388
NC,2021,11913,24269,5856,332,2919,26788,981,600,5451,1155,1335,58,242,7702,11197,16344,10852,729,3545,21920,6864,16,6984,10,263,30,697,4075,10439388
ND,2019,456,1544,651,0,307,2645,110,3,97,19,55,1,0,65,683,677,186,19,246,1365,352,0,96,12,7,0,1,28,779094
ND,2020,460,1340,411,0,404,2441,159,12,8,1,87,0,0,40,620,554,333,13,249,1366,315,0,18,1,14,0,1,14,779094
ND,2021,397,1390,585,0,277,2309,224,2,9,17,68,1,0,51,511,562,441,4,294,1548,315,0,32,0,7,1,2,16,779094
OH,2019,6245,15768,2389,293,2349,20745,278,1061,1902,418,959,211,283,1595,4339,8260,5854,582,1773,14139,2897,0,1669,112,130,23,565,1414,11799448
OH,2020,4560,11492,3249,205,1813,17645,231,450,1316,704,480,27,125,809,3258,5693,5965,440,1050,11975,2318,0,1169,36,96,16,361,722,11799448
OH,2021,5688,11022,2923,137,2152,18106,261,591,594,466,542,3,94,835,3242,6946,5401,471,1341,11817,2698,5,1058,50,116,18,431,863,11799448
OK,2019,1933,2248,3319,0,1051,4502,73,2130,665,435,586,13,1,267,4441,13356,3382,383,1510,8465,2868,0,7723,34,407,84,353,3195,3959353
OK,2020,2009,2163,2940,11,225,4720,62,1582,533,353,291,6,10,176,3823,10697,2687,387,1119,8125,2408,0,6467,26,170,138,343,1549,3959353
OK,2021,1932,1884,2236,15,1395,5448,72,687,559,283,330,17,5,239,3783,10868,2806,385,2028,8112,2588,0,6133,32,200,92,366,1959,3959353
OR,2019,8265,8832,5713,536,1219,18140,721,1092,2215,46,431,6,530,1067,4596,5709,5569,649,1035,10708,4718,0,734,10,87,3,624,663,4237256
OR,2020,6395,7628,3773,403,630,14043,602,467,2092,16,296,4,394,777,3108,4225,2942,554,836,6630,3682,0,556,5,48,1,509,460,4237256
OR,2021,6038,6950,3022,379,649,12985,499,675,1294,100,261,6,332,756,2973,4133,2785,605,1029,6262,3522,1,471,14,57,2,520,526,4237256
PA,2019,6217,8807,4501,662,2103,18707,293,283,510,100,639,50,524,1548,3595,3511,4990,760,2211,11464,2001,1,445,14,114,37,750,657,13002700
PA,2020,5283,8739,3869,426,1715,17021,302,195,470,208,489,23,211,1035,3170,2766,4936,674,1291,9499,1587,0,362,19,69,5,362,527,13002700
PA,2021,4406,8494,4217,412,1528,15614,286,208,342,37,648,34,182,1151,2784,3047,4380,637,987,8586,1748,26,230,55,81,9,325,552,13002700
RI,2019,820,376,387,50,181,1406,48,45,183,0,21,1,48,89,400,538,796,102,188,1300,454,0,176,0,2,0,106,64,1097379
RI,2020,678,382,350,6,303,1237,137,38,226,0,85,0,5,37,381,336,924,37,160,1338,359,0,113,0,10,1,37,44,1097379
RI,2021,782,541,529,2,241,1447,80,83,255,93,85,0,2,26,513,366,809,11,140,1193,329,0,206,1,12,2,13,45,1097379
SC,2019,4540,13214,1254,98,2321,11720,280,2965,1592,73,589,510,57,2754,4741,12136,5046,212,652,13976,2333,1,4801,74,158,248,117,894,5118425
SC,2020,3576,12484,1377,141,2202,11395,384,2549,1806,1870,675,145,76,2403,3882,9415,3612,188,856,10942,2036,1,3969,1884,144,69,131,785,5118425
SC,2021,4192,14653,1446,58,1988,12890,363,2868,2219,48,862,50,52,2643,4664,9804,3536,109,941,11267,2274,3,4141,128,150,43,88,971,5118425
SD,2019,332,397,52,7,6,495,8,0,172,0,39,0,0,50,332,265,113,3,19,498,29,0,184,0,2,0,1,9,886667
SD,2020,341,319,27,0,0,513,13,0,154,0,7,0,0,11,356,135,61,3,5,424,13,1,161,0,2,0,0,5,886667
SD,2021,362,495,79,0,18,530,18,22,334,6,5,0,0,35,327,478,136,3,22,609,13,0,271,0,1,0,0,12,886667
TN,2019,6187,14292,2013,54,3370,14192,507,2749,3441,2753,767,30,63,2404,10003,18820,3595,281,5354,15247,5216,137,13385,1266,391,49,301,2717,6910840
TN,2020,4962,11169,1701,61,3978,12129,704,2425,3132,2281,618,42,53,1353,9031,13482,2615,189,6226,12711,4256,17,12411,1322,430,17,195,1472,6910840
TN,2021,5508,11440,2012,100,4197,12978,1107,2061,3096,1499,751,22,58,1385,9852,14982,2129,235,4453,12151,4741,6,10010,1109,415,18,171,1578,6910840
TX,2019,22853,51155,19163,2308,5851,48424,2169,15344,14125,2358,4256,381,2213,10889,34527,75452,28565,2872,9049,68388,26704,3,37373,1646,1879,202,2570,11400,29145505
TX,2020,14847,37808,22200,721,5609,45439,1591,9104,19753,1895,2616,243,670,4284,22858,48365,29867,1788,10347,53359,16273,6,44267,2774,1297,137,1598,3860,29145505
TX,2021,16254,37195,22732,740,5724,48910,1394,6334,15066,1829,3516,128,693,4734,24068,48134,27449,1980,8795,50895,13366,9,33836,1412,1399,108,1857,5234,29145505
UT,2019,2980,9546,3533,1170,2090,9596,821,1764,4148,1851,456,4,472,1327,3258,9253,4540,2126,863,10230,6327,0,1413,335,82,4,1310,440,3271616
UT,2020,3218,7620,3675,602,796,8792,522,1391,3721,523,267,9,439,737,2480,6983,3220,1453,540,7573,4376,13,1299,231,52,3,1167,327,3271616
UT,2021,4439,9034,2552,404,2033,9260,686,2273,3840,554,273,5,381,948,3210,6739,3305,1153,1492,7865,4637,0,1282,356,64,3,1111,384,3271616
VT,2019,1562,921,737,17,189,2936,99,3,78,31,60,0,16,205,504,281,499,14,48,1012,200,0,24,4,2,0,13,94,643077
VT,2020,1259,775,831,7,130,2504,89,1,62,26,52,0,7,171,368,186,248,8,60,628,142,0,9,18,22,0,8,80,643077
VT,2021,1449,814,958,2,162,2892,97,12,19,56,110,4,0,204,450,193,402,0,75,820,137,0,7,24,5,0,0,63,643077
VA,2019,5142,5622,6977,2,425,12894,464,276,2478,57,454,8,15,1502,4070,4436,7551,0,959,11645,2764,1,1956,29,111,5,17,672,8631393
VA,2020,4915,4912,8663,3,302,14291,412,306,2714,5,387,25,25,592,2989,3663,8399,10,870,11694,2344,0,1687,5,131,6,20,321,8631393
VA,2021,5171,5155,7500,29,425,13424,462,0,2991,0,467,35,21,575,3498,3593,6985,38,626,9919,2393,0,1833,0,105,8,22,267,8631393
WA,2019,9676,24108,11551,479,1845,33481,1542,886,6137,254,1138,50,461,2559,4684,11384,6700,761,1105,14401,6952,2,1324,1,88,11,755,904,7705281
WA,2020,8564,17387,9535,413,1576,29317,1244,1381,3469,229,930,33,398,1715,3023,7946,3197,616,720,8400,5187,11,1086,2,54,5,618,621,7705281
WA,2021,9463,18403,9864,436,1649,29452,1365,1485,2845,167,1092,40,413,1814,3297,8240,3303,687,879,8258,5471,2,740,12,66,6,662,681,7705281
WV,2019,1718,4903,10,3,76,4433,62,3,1237,205,400,1,2,483,2676,5097,164,9,202,3196,949,2,3566,125,77,6,8,184,1793716
WV,2020,1208,5146,30,0,85,3455,90,15,1767,86,362,33,1,630,2250,4109,172,9,102,2916,919,1,2707,72,63,5,0,159,1793716
WV,2021,1588,6060,524,0,166,5072,85,192,1854,65,503,0,1,581,2605,5049,1781,1,331,5306,1459,2,2428,86,95,12,0,197,1793716
WI,2019,8585,15653,3019,707,1143,19121,1922,913,2408,120,677,24,777,2103,3751,8206,4848,796,1045,9413,5050,51,1195,24,128,2,776,1193,5893718
WI,2020,7427,13607,3074,618,1369,20456,1217,812,1075,241,598,6,595,1570,2989,6005,4899,618,833,9301,4180,0,663,26,48,0,596,785,5893718
WI,2021,7216,12731,2636,565,2081,18836,1250,950,1057,311,566,16,556,1491,2699,6388,4152,625,1307,8611,4588,0,545,285,79,1,610,997,5893718
WY,2019,1080,1874,364,26,1140,2499,196,70,241,724,115,4,29,476,831,1112,779,60,1735,1975,1467,1,114,752,28,0,65,159,576851
WY,2020,819,1458,394,24,1112,2184,155,72,187,745,45,4,23,218,526,1102,804,58,750,1662,1024,0,57,397,11,1,58,113,576851
WY,2021,894,1240,557,19,1120,2362,175,17,118,605,54,4,19,169,614,801,660,58,1034,1510,960,0,59,398,7,2,59,113,576851
PR,2019,403,1219,0,122,97,234,3,0,8,0,3,4,156,1281,895,762,0,224,148,790,27,0,110,12,15,4,231,854,3285874
PR,2020,152,318,23,113,43,172,0,5,25,0,12,1,143,298,368,372,181,205,63,698,21,0,100,0,9,1,202,203,3285874
PR,2021,359,648,19,159,53,226,4,9,25,0,13,9,169,757,526,313,168,265,101,659,24,1,92,0,16,1,270,301,3285874
